Adjectives,Nouns
Ancient,Whipping and Nae-Naeing
Bad,Olexa
Blessed,Pettable Dogs
Bloated,The Sun
Blursed,Explicit Fanfic that ships Youtubers
Brilliant,Guillotines <3
Chaotic,Solitude
Clickbait,Red Arrows
Cognitohazardous,[Redacted]
Cringe,L's + Ratios
Crisp,I.B.S
Cruel,Desire
Cursed,Elegance
Dapper,Fedoras
Dazzling,Riches
Depressed,Gen-Z
Despicable,Disease
Disingenuous,Power
Distressed,Force
Engorged,Minecraft Let's Plays
Upright,Defenestration
Fanatic,Despair
Forbidden,MLG
Free-Range,Crippling Addiction
Good,Evil
Haphazard,Failed Podcasts
Incredibly Charming,Lion-Defeating Pokemon
Inflammible,Children's Cartoons
Insatiable,Fursuits
Irritating,Fanboys
It's A,Lies
Joyful,Vaccuums
Leather,Rapidly Approaching Deadlines
Livid,Knowledge
Lonely,Alarm
Luminous,Trans Rights
Maidenless,Obama
Marooned,Overconfidence
Meh,Mediocrity
Microwaved,Tea
Milky,Maidens
Millenial,Avocado Toast
Moist,Milk
Nukrad's,One Billion Lions
Olexa's,Midlife Crisis
One Fourth of A,The Decimal 0.25
Organic,Smoothifood
Outdated,Old Roguelikes
Painful,Pain
Perfect,Parkour
Pick-n-Toss,Pokemon-Defeating Lions
Proletariat,Revolution
Promising,Hope
Pyramid of,Pyramids
Radioactive,Nuclear Waste
Redditor's,Bear-Defeating Humans
Retromation's,Number One Victory Royales
Rhapsody's,Deckbuilder Roguelikes
Rock Hard,Poor Choices
Romantic,Envy
Rotund,Xx420BlazeItxX
Satanic,Doom
Self-Aware,Tiny Humans Living In Your Hard Drive
Self-Defeating,Every Single Pokemon
Semantic,Arguing about the Defintion of Roguelite
Sexy,Water
Shattered,Future DLC
Sleepy,Melatonin
Slow,Insidious Killers
Speedy,Your Mom
Stinky,Daddies
Strange,Google Slides Presentations
Streamers,Skill Issues
Sussy,Amoguses
Swole,The First Video On Your Youtube Channel
Tense,Fear
Toxic,Youtube Comments
Underwhelming,No Maidens
Unfinished,Overworked Developers
Unforgetting,Humiliating Memories
Upright,Outdated Memes
VeeDotMe's,T-Poses
Violent,Hatred
Wanderbot's,Random Indie Games
Zany,Chance
Tempting,Pollution
Wild,Baboons
Lost,Misfits
Messy,Conglomerations
Nobel-Peace-Prize-Winning,War Criminals
Dexter's,Laboratories
Rancid,Human Experimentation
Unethical,Content
Discontinued,Retail
The Return of the,Horror
Gassy,Product Placement
Respectful,Protests
Peaceful,Choking Your Run
Flamboyant,Twitch Emotes
Elderly,The Elderly
Dabbing,Aunties
Vaping,Uncles
Awful,Origami
Salty,Oregano
What's the deal with the,Microwaved Tea
Golden,Perfect Scores
Silver,Misunderstandings
Bronze,Early 2000s CGI Animated Movies
Plastic,HRT
Invisible,Estrogen
Monstrous,Catgirls
Pogging,Testosterone
Levitating,Bricks
Ostensible,Computers
Indirect,Rat
Very cool,Marijuana
Unconscionable,One Thousand
"""Legal""",.iso Files
Worldwide,Politics Podcast
Anachronistic,.gov Websites
A,Statements of Dissent
Regular,Contradictions
"Basically, it's",Cube
Eyecatching,Pyramid Run
Liminal,Ace of Spades
Dead,Rainbow
Blurred [as if remembered faintly through a nostalgic haze],Toothpaste
Holy Smokes!,A Board with a Nail In It
Totally not NorthernLion's,SSS Ranking
2x,Great Points
Artificial,Liquid
Worst person you know's,Seepage
5 Star Gacha Pull,Runoff
Twitch Chat's,G-Fuel!
Turbocharged,Dodecahedron
Fueled-Up,Regular polyhedron
Gluten-Free,Sense of dread
Not so safe for work,buttass
NEW!,Halloween
OLD!,Christmas
The Final,Baba
American,Turkey
Anglo-Irish,Trepanning
Pyramid-like,Triangles
SSS Rank,The Cool 90's Idea of the Internet
Evil,Putting Empty Cereal Boxes back in the Pantry
Morally Ambiguous,Tierlists
Fermented,DMCA Violations
Sturdy,Deep Fried Memes
Shiny,"Pronouncing ""Memes"" as ""Mee-mays"""
Hidden,Backrooms
Spicy,Sinister Butlers
Abandoned,Eternity
Haunted,Homosexual Couples
Zombified,Robot Ninjas
Prophecized,Compliments
Futuristic,Condiments
Rotten,Black Quartz Sphinxes
The Year Is 1997. War Has Come To American Soil. We Fight For The,"Freedom, Liberty, Truth, and No Universal Healthcare"
Cyberpunk,Bladerunners
Electric-Sheep-Dreaming Android,Monday-Hating-Cats
Blue,Chili Dogs
Latex,Rocks Stuck In Shoes
C-Tier,Hubris
Soulless Corporate Crossover,Dead Franchises
VERY Outdated,"Spiders Living Inside Your Walls, Planning Your Demise"
Cosmic,Encounters
"Slightly Awkward, But Trying Their Best",Cool Late 90's Video Game Glitches
Backwards,References Nobody Else Understands
3 Year Anniversary,Mansplaining
Self-Promoting,Throwing For Content
Chanting,Liking and Subscribing
Putrid,Toe-Stubbing
Mining-Crypto-On-Your-CPU As We Speak,Thought Experiments Gone Horribly Wrong
Schrodinger's,Kittens in Boxes
Romantic,Those Possibly-Real UFO's The US Government Found
Sentient,Always Watching You
Stained,Healthy Work-Life Balance
Digital,Boardgaming